Company,Region,Age_Group,Gender,Income_Level,Units_Sold,Revenue_per_Unit,Profit_Margin_Percent,Total_Revenue,Profit
Foot Locker,Asia Pacific,55+,Male,High,29,62.137892457687826,5.513484796089694,1801.998881272947,99.35293434469031
JD Sports,North America,Under 18,Female,Medium,291,110.44702681477422,8.785937190528369,32140.084803099297,2823.8076637828576
Foot Locker,North America,Under 18,Male,Low,294,76.0286772479763,9.247355161588478,22352.431110905032,2067.0086920747854
Foot Locker,UK,Under 18,Male,Low,10,154.24266333536926,7.613892778305477,1542.4266333536925,117.43871004757709
Foot Locker,Asia Pacific,45-54,Female,Low,128,101.91495898066783,5.747796090270581,13045.114749525483,749.8065955445367
JD Sports,North America,35-44,Male,High,44,196.34153012898724,4.913799387339865,8639.027325675439,424.5044718011632
Foot Locker,UK,45-54,Male,Medium,207,146.1458116017998,3.298704191061836,30252.18300157256,997.9300285605705
Foot Locker,Asia Pacific,35-44,Female,High,494,173.37208454515414,5.7355176111665145,85645.80976530614,4912.230502315304
Foot Locker,UK,45-54,Male,High,254,69.87870091127726,8.878465114781546,17749.190031464426,1575.8556450998528
JD Sports,Europe,45-54,Male,Medium,68,179.30217234089338,11.444743366036343,12192.54771918075,1395.4057962417544
Foot Locker,North America,55+,Female,High,334,188.41357857700916,10.840840340367468,62930.13524472106,6822.155487857526
Foot Locker,Europe,25-34,Female,Medium,170,123.05928782284039,9.894582988817723,20920.078929882868,2069.954571043431
Foot Locker,Asia Pacific,45-54,Male,Low,188,140.9379406626466,10.096026089279688,26496.332844577562,2675.0766766909333
Foot Locker,Europe,55+,Male,Medium,215,164.72147013544932,8.984864131283958,35415.1160791216,3182.0000616455745
JD Sports,Europe,18-24,Female,Low,21,76.22579408906188,5.342581718094027,1600.7416758702993,85.52093212895856
Foot Locker,Asia Pacific,25-34,Female,High,499,125.38491146951637,11.16475527635247,62567.07082328867,6985.460341002308
JD Sports,UK,45-54,Male,High,285,109.79945416584697,9.036590807152507,31292.844437266387,2827.806303714549
JD Sports,Europe,Under 18,Female,Low,190,71.95609882433736,8.043965678823959,13671.6587766241,1099.743539717566
JD Sports,UK,18-24,Male,High,251,105.13016334372972,3.9989052229213295,26387.67099927616,1055.2179537973514
Foot Locker,Europe,18-24,Male,Medium,225,60.22584640782404,7.023499894257829,13550.815441760407,951.7415082231157
JD Sports,UK,55+,Male,Low,260,53.87178604242305,7.143224440817336,14006.664371029992,1000.5274726946682
Foot Locker,Asia Pacific,18-24,Male,High,308,70.27494337322341,10.78107248570403,21644.68255895281,2333.52891598124
JD Sports,Europe,25-34,Male,Low,135,194.46726673837608,7.919833981690096,26253.081009680773,2079.200431045327
JD Sports,Asia Pacific,45-54,Female,Medium,491,132.42943038425256,6.423604940733687,65022.850318668,4176.811025675827
JD Sports,Europe,45-54,Female,Medium,226,194.873324172983,11.791202956595933,44041.37126309416,5193.00747049935
JD Sports,Asia Pacific,Under 18,Female,High,315,114.8746817495198,3.996485339936841,36185.52475109873,1446.1491918568781
JD Sports,Asia Pacific,55+,Female,Medium,294,96.77241996278893,6.802935854807502,28451.091469059946,1935.5095026327574
JD Sports,Europe,Under 18,Male,Low,194,125.92127942603662,3.378222076542648,24428.728208651104,825.2566893632529
JD Sports,Europe,18-24,Male,Medium,48,115.92675329493652,9.659137086902373,5564.484158156953,537.4811530153455
JD Sports,Europe,Under 18,Male,Low,232,65.8497026392616,11.262688969792356,15277.13101230869,1720.615749424018
Foot Locker,North America,25-34,Male,Low,193,146.12394720353095,5.520335965954405,28201.921810281474,1556.8408327833076
Foot Locker,UK,45-54,Female,Medium,436,82.40572737643994,10.725075091192087,35928.897136127816,3853.4011972868716
JD Sports,North America,18-24,Male,High,187,142.93819323467443,5.62996407415708,26729.442134884117,1504.857989416581
JD Sports,North America,Under 18,Male,Medium,416,147.53016385972302,11.196931454795237,61372.548165644774,6871.842150168437
JD Sports,Asia Pacific,55+,Female,Low,437,72.80372796929721,9.785657132371055,31815.22912258288,3113.3292378142246
Foot Locker,Europe,25-34,Female,Low,303,59.20244406660022,10.244160991572947,17938.340552179867,1837.632485381921
JD Sports,UK,25-34,Female,Medium,349,167.11423791026598,3.1620590004040903,58322.86903068283,1844.2035294785962
Foot Locker,Asia Pacific,Under 18,Female,High,160,118.97006356539802,11.665293213666233,19035.210170463684,2220.5130802222047
Foot Locker,North America,45-54,Male,High,393,58.72456932582137,9.54003892863291,23078.755745047798,2201.7222823216644
Foot Locker,Europe,Under 18,Male,Low,135,199.22994757546508,5.7427598584752,26896.042922687786,1544.575156482374
Foot Locker,Asia Pacific,18-24,Female,Low,310,58.66708414945499,10.464551983729622,18186.796086331047,1903.166730629017
Foot Locker,Europe,Under 18,Male,High,317,154.25528432878298,5.53369078573437,48898.925132224205,2705.915314365039
JD Sports,Asia Pacific,25-34,Male,Medium,345,197.55183878951203,10.85478455609515,68155.38438238166,7398.120138086051
JD Sports,Europe,Under 18,Male,Low,443,85.87701563238885,4.013223513707433,38043.51792514826,1526.7714068135524
JD Sports,North America,45-54,Female,Low,243,71.33740530307942,9.333173797147161,17334.989488648298,1617.9046966927376
JD Sports,UK,55+,Male,High,389,68.20774091336433,7.866286289804193,26532.811215298727,2087.146890928673
JD Sports,North America,35-44,Female,Medium,384,95.49127213513933,3.8688102317589674,36668.648499893505,1418.640425011611
Foot Locker,UK,Under 18,Male,High,17,65.156871651597,5.17704445432955,1107.666818077149,57.34440357771163
JD Sports,Europe,45-54,Male,Medium,350,153.8242012541198,3.111636326495833,53838.47043894193,1675.2574038078374
JD Sports,Asia Pacific,45-54,Male,Medium,138,59.3437697195094,7.218911689180553,8189.440221292298,591.1884574133235
Foot Locker,North America,55+,Female,Medium,273,126.41331922246846,5.711387346840003,34510.83614773389,1971.0475290303593
JD Sports,UK,25-34,Male,Low,166,199.50452807794653,8.38521735867983,33117.751660939124,2776.995461077545
Foot Locker,North America,45-54,Female,High,361,172.0955404259028,5.675140269377555,62126.490093750916,3525.7654572613155
JD Sports,UK,45-54,Female,High,367,142.28291573465162,5.699272003562863,52217.830074617144,2976.0361703106837
Foot Locker,North America,45-54,Female,Medium,14,95.93804311799175,9.68873878858443,1343.1326036518844,130.13260955214412
JD Sports,UK,45-54,Male,Low,95,143.58437544374578,3.433285523805181,13640.515667155849,468.31784977283945
JD Sports,UK,18-24,Male,Low,184,129.05621958674774,11.126054956727884,23746.344403961586,2642.0313285986426
Foot Locker,Europe,18-24,Male,High,299,113.91250758355572,10.670374869520632,34059.83976748316,3634.3125831485177
Foot Locker,UK,25-34,Male,Low,202,69.60655651102992,9.010242149037659,14060.524415228045,1266.887297236608
Foot Locker,Europe,Under 18,Female,Low,320,182.99063228607,8.338994130966459,58557.0023315424,4883.064987697213
Foot Locker,UK,45-54,Female,Medium,128,117.46769732319838,11.03072248325687,15035.865257369393,1658.5645694968541
Foot Locker,Asia Pacific,55+,Female,Low,227,79.19337677311476,4.66797161575843,17976.89652749705,839.1564272978251
Foot Locker,Asia Pacific,Under 18,Male,Medium,436,105.16390263159344,3.7107224597174575,45851.46154737474,1701.4204817471482
Foot Locker,Asia Pacific,55+,Female,High,467,112.11946287933905,5.155591529185843,52359.78916465134,2699.456854872331
Foot Locker,UK,Under 18,Male,Low,423,174.13068433503113,10.151204508301712,73657.27947371817,7477.10107462847
JD Sports,Europe,25-34,Female,High,123,160.04215708421032,3.31203240053835,19685.18532135787,651.9797159493919
JD Sports,Europe,45-54,Male,High,475,165.39573404620097,8.245261515751407,78562.97367194547,6477.7226338028295
Foot Locker,UK,45-54,Male,Low,154,51.65468966429708,11.95893764572179,7954.822208301751,951.3122277188355
JD Sports,Asia Pacific,35-44,Female,Low,35,112.42309972696422,10.701264844537855,3934.808490443748,421.0742776877475
JD Sports,Asia Pacific,55+,Female,High,145,122.20162274529855,7.693011201392305,17719.235298068288,1363.1427562814526
JD Sports,Europe,Under 18,Female,Low,312,52.878841523458505,3.572768183579781,16498.198555319053,589.4423888482582
JD Sports,Asia Pacific,Under 18,Female,Medium,241,88.97198131175513,10.482361629471388,21442.247496132986,2247.6539240309335
Foot Locker,North America,18-24,Male,Medium,378,164.04347346832026,8.390806573594896,62008.43297102506,5203.007669915955
JD Sports,Europe,35-44,Female,Low,85,70.56645585934986,4.034396973536102,5998.148748044738,241.98913155931047
Foot Locker,Asia Pacific,18-24,Female,High,484,130.29651971788874,3.844715563410206,63063.515543458154,2424.61279693295
JD Sports,Europe,18-24,Female,Low,337,82.28028080258562,11.186641374929332,27728.454630471355,3101.8827783208167
JD Sports,North America,18-24,Male,Low,354,51.81811619658399,9.022802366442706,18343.613133590734,1655.1079599087197
JD Sports,Europe,55+,Male,High,311,86.18021863993123,10.4635811938508,26802.04799701861,2804.4540537829043
Foot Locker,Europe,55+,Female,High,461,196.38106323650806,10.910810102540406,90531.67015203022,9877.73861294627
JD Sports,Europe,25-34,Male,Medium,298,170.23056678244845,8.1459511684349,50728.70890116964,4132.3358554667675
Foot Locker,Europe,25-34,Female,High,10,193.936496648155,7.657017165795372,1939.3649664815503,148.49750839091394
JD Sports,North America,18-24,Male,Medium,156,123.17810658895436,6.873846692888912,19215.78462787688,1320.8635761559708
Foot Locker,UK,35-44,Male,High,296,66.46042980162552,5.852519290120074,19672.287221281156,1151.324404433306
JD Sports,Europe,Under 18,Male,Low,473,132.19392334605394,6.911363647728406,62527.72574268351,4321.518506731144
Foot Locker,Europe,55+,Male,Medium,151,118.15660018399413,9.964916901571407,17841.646627783113,1777.9052603306043
Foot Locker,Asia Pacific,35-44,Female,Medium,62,176.65356241094238,8.417310879136185,10952.520869478429,921.9077306862688
JD Sports,Europe,45-54,Female,Medium,313,64.7123871176367,11.032709609593615,20254.977167820285,2234.6728124151014
Foot Locker,Asia Pacific,55+,Female,Low,78,123.23617055326673,6.99042012941269,9612.421303154804,671.9486336996871
JD Sports,UK,55+,Male,Low,370,72.50729970409763,8.463806208468785,26827.700890516124,2270.6446135609394
JD Sports,North America,25-34,Female,Low,99,98.701389033509,8.6817679778279,9771.437514317391,848.3335330914697
JD Sports,North America,Under 18,Female,Low,455,160.60356160816994,8.32527446075693,73074.62053171733,6083.662720422103
JD Sports,UK,Under 18,Female,Low,229,121.40271940531498,9.323703957769647,27801.222743817132,2592.1037052736333
JD Sports,North America,45-54,Male,Medium,459,106.3832427718654,5.136901215373257,48829.90843228622,2508.3441597237593
JD Sports,UK,45-54,Male,Low,201,109.1714417855053,7.611273997912116,21943.459798886564,1670.1768499149514
JD Sports,UK,55+,Male,Medium,463,118.917015260898,3.938023225275129,55058.57806579577,2168.2195917372756
JD Sports,UK,18-24,Female,Low,72,167.75248157555853,6.460601948803313,12078.178673440214,780.3230467562246
JD Sports,North America,25-34,Female,High,82,183.81270334103516,7.38900361759138,15072.641673964883,1113.718038555851
JD Sports,Asia Pacific,25-34,Female,Medium,170,193.30020297558923,8.870018335909252,32861.03450585017,2914.779786038376
JD Sports,UK,55+,Male,High,178,168.03550793829427,11.55477947327583,29910.32041301638,3456.0715634742473
Foot Locker,Europe,35-44,Male,Medium,98,97.31103436220191,8.405859598935203,9536.481367495788,801.6232344303118
Foot Locker,North America,18-24,Female,High,185,153.22020591298133,9.692345245589038,28345.738093901546,2747.3667984713875
JD Sports,UK,55+,Male,Low,278,115.6404686083088,7.556394535456825,32148.050273109846,2429.233514093185
JD Sports,UK,18-24,Male,Low,82,88.20059330690768,8.706936282386982,7232.44865116643,629.7246957134178
JD Sports,Europe,18-24,Male,Low,254,176.1307369138884,3.638389945203961,44737.20717612765,1627.7140476612935
JD Sports,Asia Pacific,18-24,Male,Medium,86,55.76395234434875,5.2895242275766226,4795.699901613993,253.66970817774038
JD Sports,Asia Pacific,55+,Female,High,168,185.26429882031354,6.256677838846248,31124.402201812674,1947.3535750341875
JD Sports,Asia Pacific,25-34,Male,Low,498,119.22161969371012,7.252440195058622,59372.366607467644,4305.945380597546
JD Sports,UK,25-34,Male,High,468,145.58022152124207,3.4108387095214536,68131.54367194128,2323.8570649570875
JD Sports,UK,18-24,Male,High,333,148.9030883308674,4.260216877979859,49584.72841417885,2112.416968801322
Foot Locker,UK,35-44,Male,Low,107,184.26766110598047,5.491328770121752,19716.63973833991,1082.7055104527176
JD Sports,North America,Under 18,Female,Low,390,145.50045232508108,11.743794218109455,56745.176406781626,6664.0367459156305
Foot Locker,Europe,55+,Female,High,111,142.09003771400927,5.982123063927457,15771.99418625503,943.5001018572597
JD Sports,UK,Under 18,Male,Low,141,59.997806084103495,7.338369523008743,8459.690657858593,620.8033609771129
JD Sports,Europe,35-44,Male,Low,111,127.76120329178062,4.764879414645536,14181.49356538765,675.7310675864375
Foot Locker,Europe,55+,Male,Low,28,72.52535012255625,8.497020639681914,2030.709803431575,172.54983112962495
JD Sports,Asia Pacific,18-24,Male,Medium,463,160.61506530822282,5.526148939643769,74364.77523770717,4109.508238267027
Foot Locker,North America,25-34,Male,High,491,126.83328812190118,4.862933205945841,62275.144467853475,3028.398679377991
JD Sports,UK,Under 18,Male,High,91,152.034166881253,7.649153656013811,13835.109186194022,1058.2687601292628
JD Sports,Asia Pacific,45-54,Female,Medium,406,56.25093509035764,3.0495521924437874,22837.879646685204,696.4530594731622
Foot Locker,Asia Pacific,45-54,Male,High,498,62.71880240687048,3.068976293843028,31233.9635986215,958.5629384692545
JD Sports,UK,35-44,Female,Low,288,157.44850820940235,4.97161928191672,45345.17036430788,2254.3892332499167
Foot Locker,Europe,18-24,Female,High,348,60.81265039980101,3.3304922625073905,21162.80233913075,704.8254944344826
JD Sports,Asia Pacific,Under 18,Male,Low,374,60.68850916478879,3.9722317871762223,22697.502427631007,901.5974063254537
Foot Locker,Europe,18-24,Female,Medium,340,51.816271285233114,6.049745844048765,17617.53223697926,1065.8159243306043
Foot Locker,North America,Under 18,Female,Low,138,193.475209744922,10.223271116218315,26699.57894479924,2729.5703424155677
JD Sports,Europe,35-44,Female,High,353,160.62625391885103,8.148437790323708,56701.06763335442,4620.2512225532555
JD Sports,North America,35-44,Female,High,319,102.98771127530962,7.614009533607748,32853.07989682377,2501.4366354279323
Foot Locker,Europe,45-54,Female,High,464,94.48033719314829,5.641399408873095,43838.876457620805,2473.1261173368266
JD Sports,Asia Pacific,18-24,Female,Medium,98,102.45548446187743,11.385783474895348,10040.637477263988,1143.2052426604723
JD Sports,Asia Pacific,55+,Male,Medium,222,166.1980296771773,6.573135371134725,36895.96258833336,2425.2215674143754
JD Sports,North America,45-54,Female,High,152,149.20559166056216,3.7838349011619434,22679.249932405448,858.1453742641038
Foot Locker,UK,18-24,Female,Low,74,77.77933518012019,8.553598645060212,5755.670803328893,492.31697984766646
Foot Locker,North America,45-54,Female,Medium,85,76.11640030011266,4.024545541289413,6469.894025509576,260.3838315297957
Foot Locker,North America,55+,Male,High,208,64.7593474570096,6.107008285215229,13469.944271057997,822.610612647386
Foot Locker,Europe,25-34,Female,High,152,149.04540795520072,7.56670744846028,22654.902009190508,1714.2301577707958
Foot Locker,Europe,25-34,Male,Medium,414,164.65589933326038,10.868002722166583,68167.5423239698,7408.450355403096
Foot Locker,North America,25-34,Female,Medium,412,89.7569642487506,7.441919223061068,36979.86927048525,2752.0119999030944
Foot Locker,Asia Pacific,25-34,Male,Medium,325,53.141744154636925,9.320328894284978,17271.066850257,1609.7202339957778
Foot Locker,Europe,Under 18,Male,Low,102,62.325750121464104,11.935351550991633,6357.2265123893385,758.7573331465122
Foot Locker,UK,25-34,Female,Low,482,195.17900522675458,4.1834020790818345,94076.2805192957,3935.5890751670754
JD Sports,Europe,55+,Female,High,426,94.31671662161304,5.472583729675676,40178.92128080715,2198.82510877265
Foot Locker,Europe,35-44,Male,Medium,314,165.38347217572004,6.551184680378817,51930.41026317609,3402.057081619061
JD Sports,UK,35-44,Female,Low,233,143.69953532813958,6.796453606849482,33481.991731456525,2275.5880346776225
JD Sports,North America,Under 18,Male,Medium,300,107.29094594793439,6.699189677389912,32187.283784380317,2156.2871927154033
JD Sports,UK,25-34,Male,High,437,80.85308932933327,11.168499023008994,35332.80003691864,3946.1434269249803
Foot Locker,North America,25-34,Male,Low,111,68.20796272391097,9.426293800201709,7571.083862354118,713.6726087251583
Foot Locker,North America,25-34,Male,Low,483,142.25194520583,8.471146926816333,68707.68953441588,5820.329330481179
Foot Locker,North America,45-54,Male,Low,276,166.1950670956682,5.784354460765039,45869.838518404424,2653.2740504850462
Foot Locker,UK,18-24,Female,High,364,146.5856380311696,10.414113457991652,53357.17224334573,5556.676455398055
JD Sports,North America,45-54,Male,Medium,465,129.54531998737374,11.5955446033649,60238.57379412879,6984.990692729083
Foot Locker,Asia Pacific,18-24,Male,Low,119,56.29268351474544,10.390784542952039,6698.829338254707,696.0609234381064
Foot Locker,UK,25-34,Female,High,471,195.27331663915757,3.014085946723256,91973.73213704322,2772.1673350195106
Foot Locker,Asia Pacific,25-34,Male,Medium,339,169.8071287481862,8.727612331650663,57564.61664563512,5024.016581031881
Foot Locker,North America,45-54,Female,High,459,93.92330550514471,3.4602184329789063,43110.797226861425,1491.7277522480183
Foot Locker,Europe,45-54,Female,Medium,439,196.9955494038276,5.318464983003497,86481.04618828032,4599.46415845877
JD Sports,North America,18-24,Female,High,274,140.28223844544831,3.535722303129945,38437.33333405284,1359.037367420507
Foot Locker,Asia Pacific,35-44,Male,Medium,12,137.36339873108696,8.43415907654449,1648.3607847730436,139.02537074313562
JD Sports,Asia Pacific,18-24,Male,Low,94,162.2109769144298,9.179309221433462,15247.831829956402,1399.6456332358543
Foot Locker,UK,45-54,Male,Medium,291,171.76546821352062,4.030388742593146,49983.7512501345,2014.539483511182
JD Sports,Europe,55+,Female,High,337,148.4717910997254,6.454549947404815,50034.993600607464,3229.5336531320118
Foot Locker,UK,45-54,Male,High,313,69.21436195493,7.106128580599878,21664.09529189309,1539.4784672656074
Foot Locker,Asia Pacific,55+,Female,Medium,459,100.74012589917476,6.321477195848249,46239.717787721216,2923.033215375383
JD Sports,North America,Under 18,Male,Low,463,189.21254604890746,4.089225004366737,87605.40882064415,3582.382282671484
JD Sports,Europe,45-54,Female,Low,421,83.69234177657779,6.770530111687279,35234.47588793925,2385.5607996881204
JD Sports,North America,Under 18,Male,Medium,126,105.825053575627,9.760602430275764,13333.956750529002,1301.474506644053
Foot Locker,North America,35-44,Male,Medium,230,114.8115324416294,3.639068980799299,26406.652461574762,960.9562985966417
JD Sports,Europe,18-24,Male,High,163,115.91074845416783,3.721620126737131,18893.451998029355,703.1425121940791
Foot Locker,UK,55+,Female,Low,162,141.94093737417882,6.192941626523858,22994.431854616967,1424.0317421072361
Foot Locker,North America,18-24,Female,Medium,21,191.46137566170614,11.475531404570326,4020.688888895829,461.3954161253106
JD Sports,Asia Pacific,Under 18,Male,Low,142,86.10390677487574,9.017153820506227,12226.754762032355,1102.5052841485276
JD Sports,North America,55+,Male,Medium,491,68.22520644513772,9.108029610053084,33498.57636456262,3051.0602542306074
Foot Locker,Europe,18-24,Female,Medium,313,79.6205734789906,6.257279917540785,24921.239498924057,1559.3917143684168
Foot Locker,Europe,45-54,Female,Low,302,183.03873503139042,8.342947120876845,55277.697979479904,4611.789112066017
JD Sports,Europe,25-34,Female,Medium,472,146.8716218982809,3.0911806562496906,69323.40553598858,2142.911702182006
JD Sports,UK,Under 18,Male,Medium,309,92.88601838587402,8.724864417685879,28701.779681235075,2504.191362650675
JD Sports,North America,18-24,Female,High,237,172.3920408452926,11.21958252818613,40856.91368033434,4583.97514883488
Foot Locker,UK,Under 18,Male,Medium,280,179.2054994545154,8.513161215103374,50177.539847264314,4271.694860970346
Foot Locker,UK,Under 18,Female,Medium,52,176.97715080354172,10.863287341197106,9202.811841784169,999.7278938427279
Foot Locker,Europe,55+,Male,Medium,441,187.83898004593317,9.515757499194844,82836.99020025652,7882.567107088209
Foot Locker,Europe,55+,Female,High,352,87.83615302600424,4.085025747633212,30918.325865153492,1263.0215723286592
Foot Locker,UK,25-34,Female,Low,335,163.25628931194174,11.122079765572575,54690.85691950048,6082.7607310620115
Foot Locker,North America,45-54,Female,High,311,119.080924591121,3.597994599201974,37034.16754783863,1332.4873482306443
JD Sports,Asia Pacific,Under 18,Female,High,373,176.29978293350922,7.805707252929874,65759.81903419894,5133.018963866027
Foot Locker,UK,18-24,Female,Low,388,159.27360157424198,4.2792341141411185,61798.157410805885,2644.487833833833
Foot Locker,North America,35-44,Male,High,436,166.46711697495869,3.105359496578137,72579.663001082,2253.859457588508
Foot Locker,Europe,Under 18,Female,Low,30,148.42427565216073,6.798308341148751,4452.728269564822,302.7101973585137
JD Sports,Europe,Under 18,Female,High,416,76.61431542045604,5.655366368887406,31871.555214909713,1802.453214865384
Foot Locker,North America,25-34,Female,Low,116,131.75403783454075,7.374004444178427,15283.468388806727,1127.003638215213
Foot Locker,Asia Pacific,45-54,Male,Medium,345,197.70046092867622,8.194798980610956,68206.6590203933,5589.398598111981
JD Sports,Europe,35-44,Female,High,312,190.60820997456784,3.393651650780526,59469.76151206517,2018.1965432694417
Foot Locker,Europe,55+,Male,High,126,56.47606036955175,4.107029656113711,7115.983606563521,292.2555570457538
Foot Locker,Europe,55+,Female,High,133,74.72222235941557,8.027781568053829,9938.05557380227,797.8053935766449
Foot Locker,North America,18-24,Female,High,408,69.7593160181843,6.088506178553924,28461.800935419193,1732.8985084807161
Foot Locker,UK,35-44,Male,Medium,290,158.89698649779433,9.562561387945031,46080.12608436035,4406.44034445943
Foot Locker,Europe,55+,Female,High,301,172.66779947854175,8.870624837327457,51973.00764304107,4610.330524689699
JD Sports,UK,18-24,Male,Medium,212,82.02670494660079,10.610439266909161,17389.661448679366,1845.11946673324
JD Sports,Asia Pacific,45-54,Male,Medium,60,125.87790394277435,9.232435440023028,7552.674236566461,697.2957728862507
JD Sports,Europe,18-24,Female,Medium,280,176.10545420168,6.869379696511333,49309.5271764704,3387.258648306196
Foot Locker,Europe,55+,Male,Medium,333,159.9202317149376,9.05669960154989,53253.43716107422,4823.00383117863
Foot Locker,Asia Pacific,25-34,Female,Low,286,131.33558082377724,5.478430568298767,37561.976115600286,2057.806781574128
Foot Locker,Europe,25-34,Female,Low,150,138.55215356881592,5.756821489003914,20782.823035322388,1196.4300225190948
JD Sports,UK,25-34,Male,High,479,126.25408203744199,10.10086643928714,60475.70529593471,6108.570220159265
Foot Locker,North America,55+,Male,Low,284,94.63226769782308,7.01777564761424,26875.564026181753,1886.0667873883563
Foot Locker,UK,25-34,Male,Low,299,134.75329892885242,10.185423064665173,40291.23637972687,4103.832883259465
JD Sports,North America,35-44,Male,High,343,153.3327953075136,10.401801363014506,52593.148790477164,5470.634867740101
Foot Locker,North America,45-54,Female,High,390,180.99843737912116,10.718061038951554,70589.39057785725,7565.8139691586575
JD Sports,UK,18-24,Female,High,461,145.44370309688722,11.249717122570866,67049.547127665,7542.884383827152
JD Sports,UK,18-24,Male,Low,382,164.1682305564737,6.878866984619666,62712.26407257295,4313.893228595722
JD Sports,UK,55+,Female,Low,61,74.01074524318595,5.869801364890249,4514.655459834343,265.00130780144843
Foot Locker,UK,25-34,Female,High,36,119.23362116296849,8.239788719347025,4292.410361866866,353.6855447851889
Foot Locker,Asia Pacific,25-34,Female,Medium,166,51.399742974064,6.340551810938648,8532.357333694623,540.9985374373309
Foot Locker,Europe,Under 18,Female,High,248,87.00182967824345,8.409667501202097,21576.453760204375,1814.5080197838054
Foot Locker,North America,45-54,Male,Medium,165,158.96925726695073,9.350272763794422,26229.92744904687,2452.5697622312664
Foot Locker,UK,35-44,Male,Medium,300,198.77149270240452,9.195645166429232,59631.44781072136,5483.496348278369
Foot Locker,UK,18-24,Female,High,145,64.87671493808239,6.370975983181092,9407.123666021946,599.3255894704027
Foot Locker,UK,Under 18,Male,High,153,110.22414737919324,4.501741815288775,16864.294549016566,759.1869995665444
JD Sports,Asia Pacific,Under 18,Male,High,115,170.01064530487392,6.874764046159868,19551.2242100605,1344.1005325773428
Foot Locker,UK,55+,Male,Low,429,80.60534519433483,4.283347296737179,34579.69308836964,1481.168349120694
JD Sports,UK,18-24,Female,Medium,167,133.26274239534294,11.010873316654274,22254.87798002227,2450.4564211562397
Foot Locker,UK,55+,Female,Low,155,159.96069440445123,6.112897146640717,24793.90763268994,1515.6260722194384
Foot Locker,Europe,35-44,Female,Low,11,142.39781753902685,4.3901377250099145,1566.3759929292953,68.76606338108763
Foot Locker,Asia Pacific,Under 18,Male,High,442,78.20371019231241,3.229029839151758,34566.039905002086,1116.1477427456211
JD Sports,UK,Under 18,Female,Low,86,103.30768530286092,8.812401476578358,8884.460936046038,782.9343667141486
JD Sports,North America,45-54,Female,High,141,167.56876767280957,8.732120857092688,23627.19624186615,2063.155330982214
JD Sports,North America,35-44,Male,Medium,99,133.1339771198025,6.065437499231625,13180.263734860448,799.4406590718523
JD Sports,North America,Under 18,Female,High,354,50.78444203143691,3.645406999628859,17977.692479128666,655.3600600059074
Foot Locker,Asia Pacific,35-44,Female,Low,359,164.14861400421407,6.686660054057088,58929.35242751285,3940.4054688850224
JD Sports,Asia Pacific,18-24,Male,Low,468,55.29670324103586,5.8009574555705425,25878.857116804782,1501.221491333735
Foot Locker,North America,25-34,Male,High,272,161.86006740968483,9.094085757615083,44025.93833543427,4003.756587819127
Foot Locker,UK,Under 18,Male,High,360,80.37208402478561,8.452013245074212,28933.950248922818,2445.5013073621394
JD Sports,Asia Pacific,45-54,Female,Low,117,193.71102201790703,6.28134355377786,22664.189576095123,1423.6156109540448
JD Sports,North America,18-24,Female,Medium,83,105.19111269531267,4.961032988294911,8730.86235371095,433.1409615302218
JD Sports,North America,35-44,Female,Medium,48,99.03974245071187,11.892323695400327,4753.90763763417,565.3500844478143
JD Sports,UK,55+,Male,High,406,72.3332075498667,7.086014590765034,29367.28226524588,2080.9699062264754
JD Sports,Europe,18-24,Male,Medium,168,95.84063232353223,9.194468122022133,16101.226230353415,1480.4221130045107
JD Sports,Asia Pacific,Under 18,Female,Low,80,181.49761427423007,4.264976708205247,14519.809141938405,619.2664779795292
JD Sports,UK,35-44,Female,High,456,199.4501506440871,7.37030729693458,90949.26869370372,6703.240587040684
JD Sports,North America,25-34,Male,Low,321,105.24642957602725,3.2478304788251893,33784.10389390475,1097.2504232642061
Foot Locker,North America,18-24,Male,Low,250,117.29159464318138,7.549096061194049,29322.898660795345,2213.613787830024
JD Sports,UK,Under 18,Male,Medium,435,158.31064073041057,11.67615666405932,68865.1287177286,8040.800315988096
JD Sports,Asia Pacific,45-54,Male,High,454,182.92936706976118,6.457860416872202,83049.93264967158,5363.248726822164
Foot Locker,Europe,55+,Female,High,307,138.95665012801763,3.3509641131742045,42659.69158930141,1429.5109559482848
JD Sports,Europe,35-44,Male,Medium,449,108.7288547266744,3.2786021182740916,48819.2557722768,1600.589153875514
Foot Locker,North America,18-24,Female,Low,45,111.89327612729356,6.4918808395218255,5035.19742572821,326.8790169129459
Foot Locker,Asia Pacific,18-24,Female,Low,93,154.34272197452103,4.440224428168746,14353.873143630455,637.3441817118327
JD Sports,Europe,25-34,Female,Low,461,50.4827395406418,3.210168866953673,23272.54292823587,747.0879276306567
Foot Locker,Asia Pacific,25-34,Male,Low,383,142.9384006189761,9.805922525551592,54745.40743706784,5368.292239576433
Foot Locker,Asia Pacific,45-54,Male,High,272,103.3239515662036,7.126707079937016,28104.11482600738,2002.8979410586962
Foot Locker,North America,55+,Male,High,319,169.12959969156265,5.603202947753891,53952.342301608485,3023.059234225996
Foot Locker,Europe,45-54,Male,Medium,394,63.94859597346982,11.100748647148327,25195.74681354711,2796.9165235437486
JD Sports,UK,Under 18,Female,Medium,181,138.23034004225858,4.0452506418047305,25019.691547648803,1012.109232908827
Foot Locker,North America,Under 18,Male,High,385,122.14593348291857,11.603269460597874,47026.18439092365,5456.574891916488
JD Sports,Europe,45-54,Male,High,182,146.34882888578412,5.825700456396175,26635.48685721271,1551.703679403984
Foot Locker,Europe,55+,Female,Low,371,59.72803917244525,10.995633050778132,22159.102532977187,2436.533601871854
Foot Locker,Europe,45-54,Male,Low,56,136.9975681142197,8.426485888315154,7671.863814396303,646.4685216908612
Foot Locker,Europe,55+,Female,Medium,388,134.22268819392855,10.440366237673388,52078.40301924427,5437.176005940657
Foot Locker,Europe,55+,Female,High,150,134.09901416242565,11.856118468894179,20114.852124363846,2384.840697707455
JD Sports,Asia Pacific,35-44,Female,Medium,384,140.5231499894682,5.5956489403687115,53960.88959595579,3019.461946889631
JD Sports,North America,55+,Female,High,415,151.47019058395432,11.650219368668337,62860.12909234104,7323.342934685836
Foot Locker,Asia Pacific,25-34,Female,Low,127,170.74834995211546,6.505337054121783,21685.040443918664,1410.6849711995358
Foot Locker,UK,55+,Female,Medium,286,90.47310801923216,6.4696071426323005,25875.308893500398,1674.0308323520724
JD Sports,Europe,55+,Female,Medium,223,173.7574115270093,6.063483938290551,38747.90277052308,2349.472860915106
Foot Locker,North America,55+,Female,High,229,124.73835233951804,7.872668466128267,28565.082685749632,2248.834256924477
Foot Locker,Europe,Under 18,Male,Low,402,61.558741870149674,4.387305388606384,24746.61423180017,1085.7095396894033
Foot Locker,North America,25-34,Male,Medium,35,58.78263938659688,7.983403368222101,2057.3923785308907,164.24993244517992
JD Sports,Asia Pacific,25-34,Male,Low,18,100.13574780440912,7.875343311690036,1802.4434604793641,141.94861051185603
JD Sports,North America,45-54,Male,Medium,280,167.73454656672013,9.85711631344383,46965.673038681634,4629.461018814579
JD Sports,UK,35-44,Female,Low,19,156.15214021113735,10.50284965743827,2966.8906640116097,311.6080659417114
Foot Locker,UK,55+,Male,High,481,168.29224470086098,6.963972152811817,80948.56970111413,5637.235852085051
Foot Locker,North America,18-24,Female,Medium,387,127.59035846624141,5.720999244163444,49377.46872643543,2824.8846126264116
JD Sports,North America,35-44,Male,Medium,130,116.02984969332358,5.33401407585385,15083.880460132066,804.5763069284129
JD Sports,North America,35-44,Male,Low,134,72.1178790059426,4.751614530343847,9663.795786796309,459.1863247881699
JD Sports,North America,25-34,Male,Low,179,99.22891304139674,3.518828239791224,17761.975434410015,625.0134075307996
JD Sports,UK,35-44,Female,Medium,81,115.1029049260813,6.08203180951242,9323.335299012584,567.0482185934453
Foot Locker,Europe,55+,Male,High,161,63.290064451942584,5.432229229177049,10189.700376762756,553.5278822320703
JD Sports,North America,55+,Female,Low,217,83.09179290668169,11.697756472797666,18030.919060749926,2109.2130015337825
Foot Locker,North America,Under 18,Female,Low,58,139.73379410956082,8.019379436250395,8104.560058354527,649.935422718246
JD Sports,UK,55+,Male,Low,163,160.34946713587848,6.125493351274568,26136.963143148194,1601.0179395586272
Foot Locker,UK,55+,Male,Medium,356,199.75212670894246,8.224208408943264,71111.75710838352,5848.379107854987
JD Sports,Asia Pacific,25-34,Male,Medium,302,189.96699970153364,4.252770312111259,57370.03390986316,2439.815770166823
JD Sports,North America,55+,Female,Medium,77,146.38477993027874,6.996393742819826,11271.628054631463,788.6074799281597
JD Sports,Asia Pacific,Under 18,Male,Medium,59,113.1872079941108,8.636108892789574,6678.045271652538,576.7232615696985
JD Sports,UK,18-24,Female,High,161,145.4266047062349,7.400080486132063,23413.68335770382,1732.6314132381908
Foot Locker,UK,25-34,Female,High,28,167.8477427120348,6.616009205888918,4699.736795936975,310.9350190717392
JD Sports,Europe,18-24,Male,Medium,109,67.7504286385081,11.944635500097284,7384.796721597382,882.0870508179413
Foot Locker,North America,25-34,Male,High,69,111.48573345444323,10.922832859340343,7692.5156083565835,840.2406225794575
Foot Locker,Asia Pacific,45-54,Female,Low,176,175.97034284534257,8.610653623434962,30970.780340780293,2666.7866196194814
Foot Locker,UK,35-44,Female,Low,211,107.5749427899566,8.124396250640546,22698.31292868084,1844.1008845364045
Foot Locker,UK,45-54,Female,Low,354,135.780840684078,8.585944318421257,48066.41760216361,4126.955851181601
JD Sports,Asia Pacific,55+,Male,Medium,155,138.16540412932974,4.811808970401899,21415.63764004611,1030.4795730325043
Foot Locker,Europe,18-24,Female,Low,412,77.6714379700459,6.5562396893788675,32000.63244365891,2098.038165123416
Foot Locker,UK,55+,Male,High,173,104.33531624784325,3.355135796018094,18050.009710876882,605.6023369943723
Foot Locker,North America,35-44,Female,Medium,467,100.17669331128982,7.27991433738144,46782.51577637235,3405.7270733918645
JD Sports,UK,25-34,Female,High,490,53.92950627980972,7.887221255618969,26425.458077106763,2084.2343463522443
JD Sports,North America,35-44,Male,Low,448,53.62876458370329,5.049747624928886,24025.686533499073,1213.2365350982288
JD Sports,Asia Pacific,Under 18,Female,Low,251,174.75455655136602,11.676259624489624,43863.39369439287,5121.603727869322
JD Sports,North America,35-44,Male,Low,78,90.96062149592186,11.185091498435177,7094.928476681905,793.5742418654041
Foot Locker,Asia Pacific,Under 18,Male,Medium,184,127.71181493582232,9.499289119103153,23498.973948191306,2232.2354753614213
Foot Locker,North America,35-44,Female,High,58,94.80883603831596,7.800479658888263,5498.912490222326,428.9415502598586
JD Sports,Asia Pacific,Under 18,Male,Medium,492,191.10188676730107,10.829722436829165,94022.12828951213,10182.335522953596
Foot Locker,North America,18-24,Male,Medium,117,88.89451382986606,4.175871094411166,10400.658118094329,434.3180759820294
Foot Locker,Europe,55+,Female,Low,235,114.44852191084026,10.114588148473965,26895.40264904746,2720.359208824907
Foot Locker,North America,55+,Male,Medium,170,180.90953757269028,4.123387325701635,30754.621387357347,1268.1321603538172
JD Sports,North America,45-54,Male,Medium,128,176.2900350187713,10.147895962944649,22565.124482402727,2289.885356383181
JD Sports,Europe,55+,Male,Low,158,77.9152126769416,5.481908114262213,12310.603602956771,674.8559778251436
Foot Locker,UK,25-34,Female,Medium,474,170.39649646935655,10.8938152291637,80767.93932647501,8798.710074629233
JD Sports,UK,35-44,Male,Low,159,118.7280330106839,11.49637884442858,18877.75724869874,2170.2584906419847
JD Sports,North America,45-54,Female,Low,441,122.44533081280328,4.339163724646041,53998.39088844624,2343.0785893240327
JD Sports,Europe,25-34,Female,Low,302,70.02199586239156,7.164080445588541,21146.642750442254,1514.9624981829004
JD Sports,North America,25-34,Male,Low,152,62.0902270635687,11.828886403464166,9437.714513662442,1116.3765289043808
JD Sports,Asia Pacific,Under 18,Male,Medium,428,159.19089604606478,7.35066692375832,68133.70350771572,5008.2816076732215
Foot Locker,Asia Pacific,55+,Male,Low,485,124.46917285329496,10.771927702630906,60367.54883384806,6502.74871623252
JD Sports,North America,18-24,Female,Low,464,115.52760539227694,8.29858369918188,53604.8089020165,4448.439933520338
Foot Locker,UK,18-24,Male,Medium,169,159.4262342978595,6.377969171276416,26943.033596338257,1718.4183765811017
Foot Locker,UK,45-54,Male,Medium,20,164.82693484866647,5.572051999732832,3296.5386969733295,183.68485038666904
JD Sports,North America,18-24,Male,High,147,73.83622515040304,4.829007819774786,10853.925097109246,524.1368916919035
Foot Locker,North America,35-44,Male,Medium,466,141.5337724216462,9.856183722399274,65954.73794848713,6500.620145829886
Foot Locker,Asia Pacific,18-24,Male,Medium,87,70.30311234165283,6.478864561407251,6116.370773723796,396.2713785030615
Foot Locker,UK,45-54,Female,High,86,162.70626290435686,7.60147915980676,13992.73860977469,1063.6551093082574
JD Sports,North America,18-24,Female,Medium,450,148.54327344007092,7.430929320010637,66844.47304803191,4967.165546532811
JD Sports,Asia Pacific,35-44,Male,Medium,263,193.4921931625187,8.195511263098181,50888.44680174242,4170.568389252527
Foot Locker,UK,Under 18,Male,Medium,418,60.34370245346318,10.79019431062097,25223.66762554761,2721.6827490617816
JD Sports,Europe,45-54,Male,Medium,267,58.55820817268815,11.826654092250864,15635.041582107735,1849.1022850954687
JD Sports,Asia Pacific,Under 18,Male,High,329,92.32806120398003,6.668257877164352,30375.93213610943,2025.5454874282148
JD Sports,UK,Under 18,Female,Medium,300,89.25585256038589,10.447670298956728,26776.755768115767,2797.5471594096134
JD Sports,UK,Under 18,Male,Medium,272,87.04681986079997,9.880750151892459,23676.735002137593,2339.439029686885
Foot Locker,Asia Pacific,25-34,Female,High,94,185.9381870781555,8.16176056310016,17478.189585346616,1426.5279847206994
Foot Locker,Europe,55+,Female,Low,155,87.43192997742591,11.604424292507398,13551.949146501016,1572.625678864813
JD Sports,Asia Pacific,25-34,Male,High,332,90.79245891929465,4.804270639755625,30143.096361205822,1448.1559283946574
JD Sports,UK,55+,Female,Low,51,163.90973936269455,3.9833778927865926,8359.396707497423,332.9863604167826
Foot Locker,North America,Under 18,Female,High,383,117.460976367581,10.6856577025988,44987.55394878352,4807.216023738976
Foot Locker,North America,45-54,Female,High,134,166.50658354327717,6.952348349703735,22311.882194799142,1551.1997735579596
JD Sports,Asia Pacific,55+,Female,Medium,176,59.80492363465778,10.622719687863544,10525.66655969977,1118.1120539160968
Foot Locker,UK,35-44,Male,Low,434,123.13567905100764,11.037811846758734,53440.88470813732,5898.704303327458
JD Sports,North America,35-44,Male,Medium,250,55.0420400274924,3.562118342571643,13760.510006873099,490.16565098623306
JD Sports,UK,18-24,Female,Low,468,59.39798051830318,10.951182866874547,27798.25488256589,3044.2377259896725
Foot Locker,Asia Pacific,55+,Male,High,496,185.96561800166165,7.0348714983248,92238.94652882418,6488.891359711305
Foot Locker,North America,45-54,Male,High,289,70.88680566763928,7.59389240103809,20486.28683794775,1555.7065794417806
JD Sports,UK,25-34,Male,Low,197,129.86310234128257,8.639332599838893,25583.031161232666,2210.203151139316
JD Sports,North America,Under 18,Male,Medium,311,111.66434039010598,11.33744346057078,34727.60986132296,3937.2231332350934
Foot Locker,Asia Pacific,18-24,Male,Medium,28,102.1014989388264,3.172044849867876,2858.8419702871392,90.68374948435452
JD Sports,UK,35-44,Female,Medium,77,184.97500185309087,7.291591214860354,14243.075142687998,1038.546815830197
Foot Locker,North America,25-34,Male,Medium,227,53.27350951632342,9.189498381875046,12093.086660205418,1111.2940029583237
JD Sports,Asia Pacific,25-34,Male,High,111,149.56845292633835,9.504362619284056,16602.09827482356,1577.9236224491333
Foot Locker,North America,Under 18,Male,High,51,194.50916513203256,9.232791883833972,9919.967421733661,915.8899469927997
Foot Locker,North America,55+,Male,High,297,134.02522751927629,4.209916164673096,39805.492573225056,1675.7778662679505
Foot Locker,Europe,35-44,Female,High,176,190.52336930496378,5.694560295345131,33532.11299767363,1909.5063929557864
JD Sports,Europe,45-54,Female,High,118,57.838681892903566,6.228439728753121,6824.96446336262,425.0887981093597
JD Sports,Asia Pacific,25-34,Female,Medium,45,112.8189978611242,10.239934869115546,5076.854903750589,519.866635543559
Foot Locker,Europe,Under 18,Female,Medium,241,89.02366864430768,5.508838851730977,21454.70414327815,1181.9050773688425
JD Sports,Asia Pacific,45-54,Male,Medium,238,159.62314474710948,4.896344674804828,37990.30844981206,1860.1364447243016
Foot Locker,Europe,55+,Female,Medium,362,197.194563574587,11.617032171342865,71384.43201400049,8292.752432396812
Foot Locker,North America,35-44,Male,High,173,88.47950936663717,3.07976956602122,15306.95512042823,471.4189452834754
JD Sports,Asia Pacific,55+,Male,High,396,148.12619022111116,11.980387701137804,58657.97132756002,7027.452382663941
JD Sports,Asia Pacific,25-34,Male,High,82,79.71464491396102,9.091391689716561,6536.600882944804,594.2679894619832
Foot Locker,North America,45-54,Male,Low,145,134.79953818574148,10.456223695042054,19545.933036932514,2043.7664816247905
JD Sports,Asia Pacific,45-54,Male,Medium,362,119.58987300325043,5.6515745671157385,43291.534027176654,2446.653326794172
JD Sports,Asia Pacific,45-54,Female,Medium,388,195.80079944473056,3.1288374990035397,75970.71018455546,2377.0000685136724
Foot Locker,Europe,25-34,Female,High,79,141.27909090447,9.64082566705377,11161.04818145313,1076.0171977897714
Foot Locker,Asia Pacific,25-34,Female,Medium,434,102.42595581302282,10.507301373006083,44452.86482285191,4670.796475872056
JD Sports,UK,55+,Female,Medium,496,67.11436773319001,9.664285187581672,33288.72639566224,3217.1174541905766
Foot Locker,North America,18-24,Male,High,205,72.68702431024019,4.285652585707547,14900.839983599239,638.5982340492649
Foot Locker,Europe,55+,Female,Low,278,83.79753949268526,9.780851300312722,23295.715978966502,2278.5193392459037
JD Sports,Europe,35-44,Male,Low,58,87.6449992010447,9.920305038968769,5083.409953660593,504.2897737844317
Foot Locker,UK,Under 18,Female,Low,325,177.59240867617066,8.926864641030495,57717.53281975546,5152.366028961922
Foot Locker,North America,45-54,Male,High,139,134.18341824237874,9.895043395160275,18651.495135690646,1845.5735375227973
JD Sports,North America,18-24,Male,Medium,453,128.50863670615496,10.613292957099588,58214.41242788819,6178.466134225965
JD Sports,Europe,Under 18,Female,High,14,67.21533078038262,8.522437028137126,941.0146309253566,80.19737934617052
Foot Locker,Asia Pacific,18-24,Male,High,437,179.02095400241524,3.7974424257271115,78232.15689905547,2970.8211166461315
Foot Locker,Europe,55+,Male,Medium,36,158.42214548127257,7.388650287004898,5703.197237325812,421.3892990441291
JD Sports,North America,25-34,Female,Low,169,60.15025428500024,3.6988440120444457,10165.39297416504,376.0020293256904
JD Sports,UK,45-54,Male,Low,158,156.1752645844653,6.667887279291877,24675.69180434552,1645.3473148992232
JD Sports,Europe,55+,Female,High,273,131.53073260139692,6.663958402130649,35907.89000018136,2392.886852694917
JD Sports,North America,Under 18,Female,Low,239,62.25880186201674,3.594088597262174,14879.853645022,534.7951231450356
Foot Locker,Europe,Under 18,Female,High,209,118.74509622929847,6.139384805725314,24817.72511192338,1523.6556446480997
JD Sports,Asia Pacific,Under 18,Male,High,59,122.70444306950705,3.9989828891218338,7239.562141100916,289.5088512699679
JD Sports,Europe,Under 18,Male,Medium,76,74.86618102449137,10.274116890082999,5689.829757861344,584.5797601694009
Foot Locker,Europe,Under 18,Male,Medium,309,191.85472205004234,11.529192233680236,59283.109113463084,6834.863611793566
JD Sports,North America,18-24,Female,Medium,390,177.4963057220993,3.6508482773214475,69223.55923161872,2527.247119708144
Foot Locker,North America,55+,Male,High,67,150.35335059936625,11.596036865625313,10073.674490157538,1168.1470076017608
JD Sports,North America,45-54,Female,Medium,268,119.34433415009109,7.703189394030707,31984.281552224413,2463.809784287871
JD Sports,Europe,25-34,Female,Low,351,111.76483123767628,5.696091101584865,39229.455764424376,2234.5455389975477
JD Sports,Asia Pacific,25-34,Male,Low,335,147.64602007264313,3.6917586774854714,49461.416724335446,1825.9961439279039
Foot Locker,UK,55+,Female,High,139,131.81478041103583,7.50561841263376,18322.25447713398,1375.1985056453816
Foot Locker,UK,55+,Male,High,224,59.340965882282845,10.150639900416738,13292.376357631358,1349.2612582712898
JD Sports,North America,25-34,Male,Medium,181,126.87539731554975,9.363778295400284,22964.446914114505,2150.339895802574
Foot Locker,North America,25-34,Male,High,267,170.96054258492592,3.4520341031757638,45646.46487017522,1575.7315342125933
Foot Locker,Europe,18-24,Male,High,111,118.88598163954372,3.6561165183111317,13196.343961989352,482.4737114074464
Foot Locker,UK,35-44,Male,Low,218,57.79348663314026,6.625859543693734,12598.980086024578,834.7907244379325
Foot Locker,North America,45-54,Female,Low,300,167.94172990760495,5.65761444643149,50382.51897228148,2850.4486718518833
Foot Locker,Asia Pacific,Under 18,Female,Medium,363,80.20456732039617,5.09145890750443,29114.25793730381,1482.3404791026703
Foot Locker,Asia Pacific,35-44,Female,High,480,88.79312523320581,5.5290404901784225,42620.70011193879,2356.515766386616
JD Sports,North America,55+,Male,High,295,74.70595301484438,10.231344689671962,22038.256139379093,2254.809949212668
JD Sports,North America,25-34,Male,Low,125,99.53225973072463,11.363052482686685,12441.532466340579,1413.737863800783
Foot Locker,UK,35-44,Male,High,273,163.51272585329525,6.645924250748098,44638.974157949604,2966.6724088483493
JD Sports,UK,45-54,Female,Low,159,127.9078789255906,11.154999019192473,20337.352749168906,2268.631499699505
JD Sports,Europe,55+,Male,Medium,309,80.73219112260688,5.893461311230937,24946.247056885524,1470.1974189016348
JD Sports,UK,Under 18,Female,Low,451,181.67451172280613,7.287932877094125,81935.20478698556,5971.38272758512
JD Sports,Asia Pacific,Under 18,Female,High,45,181.93727824272938,5.034260980343998,8187.177520922822,412.16388332731265
Foot Locker,Asia Pacific,45-54,Male,Medium,462,180.58676375690104,8.764284379582596,83431.08485568828,7312.137537723389
JD Sports,North America,45-54,Male,Low,342,85.81943170723089,11.81083003657328,29350.245643872964,3466.507628314589
JD Sports,UK,25-34,Female,Low,486,117.68590162714821,8.431437864390407,57195.34819079403,4822.390244028541
Foot Locker,Europe,Under 18,Male,Medium,296,197.74844842113126,6.22032675702194,58533.54073265485,3640.9774960256664
Foot Locker,Asia Pacific,55+,Female,Medium,312,165.80187144649855,8.830357013914755,51730.18389130755,4567.959921557077
JD Sports,Asia Pacific,35-44,Male,Low,320,54.07511318383397,4.106286106188488,17304.03621882687,710.5532350635115
JD Sports,Europe,55+,Male,High,217,59.780688689073806,10.997931722388588,12972.409445529016,1426.6967335679692
JD Sports,Europe,18-24,Female,Low,115,119.58970652184992,7.527755557018527,13752.81625001274,1035.278389506881
JD Sports,Asia Pacific,18-24,Male,Medium,455,186.383030879234,7.0441476783567785,84804.27905005148,5973.738653851406
JD Sports,Asia Pacific,45-54,Female,Low,167,130.80526969290713,8.272783096081673,21844.48003871549,1807.1464520697905
JD Sports,Europe,25-34,Male,Medium,130,124.67187620514353,8.623054765104623,16207.343906668659,1397.5681410408856
Foot Locker,Asia Pacific,18-24,Female,Medium,64,65.82105499349458,3.645982256038617,4212.547519583653,153.5887350912149
JD Sports,North America,Under 18,Female,High,409,148.5170157086441,9.143554991010621,60743.45942483543,5554.1116159520525
JD Sports,North America,55+,Male,Medium,21,173.31547409003383,5.177385122839766,3639.62495589071,188.43740099344902
Foot Locker,Europe,55+,Female,Medium,154,107.06300112613435,9.425573692559308,16487.702173424692,1554.0605185658471
Foot Locker,UK,45-54,Male,High,409,166.34177763879913,10.40281314945777,68033.78705426885,7077.427745755578
Foot Locker,Europe,35-44,Male,Medium,405,194.67149808512175,10.235626567972682,78841.95672447431,8069.968269199817
Foot Locker,Europe,45-54,Male,High,145,80.56496886915336,7.972508706671002,11681.920486027237,931.3421278549049
JD Sports,UK,35-44,Female,High,477,128.4994446792112,7.68152903079676,61294.23511198374,4708.334464331852
JD Sports,UK,45-54,Female,Medium,12,93.07069371268634,4.2858836520547055,1116.8483245522361,47.86681976023117
JD Sports,UK,45-54,Male,Medium,153,168.9281628550759,9.97811535362822,25846.008916826613,2578.9445840299954
JD Sports,North America,45-54,Male,Low,39,136.63900488217362,5.442684424020429,5328.921190404772,290.03636359848457
JD Sports,Asia Pacific,35-44,Female,High,246,145.18736263254556,7.470258805361519,35716.09120760621,2668.0844483671544
JD Sports,North America,35-44,Male,Low,288,169.68712394238412,5.55846683634765,48869.89169540662,2716.4167228481915
Foot Locker,Asia Pacific,45-54,Male,Medium,357,109.39557089936824,4.204455266997238,39054.21881107446,1642.0171597868464
JD Sports,North America,18-24,Female,Low,124,187.2635102610565,8.666019272025629,23220.675272371005,2012.3081941981611
Foot Locker,Asia Pacific,25-34,Male,High,113,129.954330086921,3.4889883134061344,14684.839299822073,512.3523270132633
Foot Locker,North America,25-34,Female,Low,127,73.69322342530221,9.7378071071358,9359.03937501338,911.3652014196911
JD Sports,UK,25-34,Male,High,14,154.38486772532036,5.85828115735005,2161.388148154485,126.62019462053138
Foot Locker,Europe,35-44,Female,Medium,477,168.98920256573817,3.001212237040368,80607.84962385711,2419.2126469262976
JD Sports,North America,35-44,Male,Medium,369,97.514251560129,7.6001622531350685,35982.7588256876,2734.7480539065364
Foot Locker,Asia Pacific,18-24,Male,High,257,178.57688854981294,3.421667176748428,45894.26035730192,1570.3488426572658
JD Sports,UK,25-34,Female,Medium,373,185.92148821486495,5.485526020388095,69348.71510414462,3804.1418118426623
Foot Locker,North America,25-34,Male,Medium,330,91.53567310667134,9.362788387101446,30206.772125201544,2828.196152656567
JD Sports,North America,45-54,Female,Medium,130,197.5282209072833,3.5642065945967927,25678.668717946828,915.2408038497246
JD Sports,UK,35-44,Male,Medium,295,71.10672920731376,10.554046431204021,20976.48511615756,2213.86797879387
JD Sports,North America,25-34,Female,High,158,80.3023502603735,3.034379303927248,12687.771341139012,384.99510770513484
JD Sports,Europe,55+,Female,Low,93,77.63372588570392,5.22141482281712,7219.936507370465,376.98283499382615
JD Sports,North America,18-24,Female,Low,463,184.09845650118055,9.668136505368643,85237.58536004659,8240.886106489423
Foot Locker,Europe,55+,Female,Medium,415,148.14388284874428,5.846431347563761,61479.71138222888,3594.369118642355
Foot Locker,Europe,55+,Male,Low,475,72.81564248334094,3.9170314925941216,34587.43017958695,1354.8005326134244
Foot Locker,UK,18-24,Male,Low,465,116.04851275525235,6.242105269203851,53962.55843119234,3368.399703230664
JD Sports,North America,55+,Female,Medium,240,142.2947037604703,5.43353957746073,34150.72890251287,1855.5933709093572
Foot Locker,UK,25-34,Female,Medium,297,62.519612748407496,10.584407119444995,18568.324986277028,1965.3471118091898
JD Sports,North America,35-44,Female,Low,170,182.36245526110082,5.820131258266288,31001.61739438714,1804.3348245388447
JD Sports,North America,18-24,Male,High,281,170.54053031623027,10.100392245984064,47921.889018860704,4840.298762590096
Foot Locker,Asia Pacific,45-54,Male,Medium,469,125.78101603649573,11.026849303296613,58991.2965211165,6504.881369444373
Foot Locker,North America,55+,Male,High,47,195.06899228887556,6.904356776188766,9168.242637577152,633.0081818049856
JD Sports,UK,18-24,Male,Low,235,112.66414689126495,11.189488294689529,26476.074519447262,2962.5372592468284
Foot Locker,Europe,Under 18,Female,Medium,151,197.61654785547466,6.395862485668736,29840.098726176675,1908.531680114048
JD Sports,North America,Under 18,Female,High,301,150.18799982054406,11.676705748410974,45206.58794598376,5278.640253349148
JD Sports,Asia Pacific,35-44,Female,Medium,490,145.20069098809122,3.8036057207301566,71148.3385841647,2706.2022765917495
JD Sports,UK,25-34,Male,Low,160,74.89323429436774,9.183173398529185,11982.917487098839,1100.4120910429624
JD Sports,North America,35-44,Male,High,123,182.28916374569658,7.444326364112358,22421.56714072068,1669.134633903823
JD Sports,UK,35-44,Male,Low,246,114.12345318809227,6.488839249100824,28074.369484270697,1821.7007060329415
Foot Locker,Asia Pacific,35-44,Female,Low,75,74.3350108673719,8.694406908737408,5575.125815052893,484.7241240347614
Foot Locker,Asia Pacific,35-44,Female,Medium,370,51.891127996363856,9.334713824708981,19199.717358654627,1792.2386705833833
JD Sports,UK,45-54,Male,High,350,133.96335254575737,3.0392694268527816,46887.17339101508,1425.0275259885739
JD Sports,North America,45-54,Female,Low,267,129.10994331840146,4.502577798724788,34472.35486601319,1552.1445968947344
Foot Locker,Europe,18-24,Male,Low,484,157.9030433553738,9.417414455708869,76425.07298400092,7197.265870981355
Foot Locker,Asia Pacific,Under 18,Male,High,258,183.5387079526703,8.997468722203859,47352.98665178894,4260.570163024078
JD Sports,North America,35-44,Female,Low,466,61.91098769645443,11.694427546158096,28850.520266547763,3373.9031892610856
Foot Locker,North America,18-24,Male,Low,458,159.72447355105436,9.849340112257046,73153.8088863829,7205.167442290371
JD Sports,Europe,Under 18,Female,High,340,78.11179161463733,11.556954369582042,26558.00914897669,3069.29699881666
Foot Locker,Asia Pacific,55+,Male,High,332,178.7265579735746,9.322864513813263,59337.21724722676,5531.928370225987
JD Sports,Asia Pacific,25-34,Female,High,189,172.8595270792484,5.682469877754988,32670.45061797795,1856.4885152934153
Foot Locker,North America,45-54,Female,High,199,131.11906324783166,3.948284300257708,26092.6935863185,1030.2137243829632
JD Sports,North America,55+,Female,Medium,416,156.53641979349672,10.03641477010442,65119.150634094636,6535.62805240682
Foot Locker,Europe,Under 18,Male,High,163,97.15251697756226,8.797342993283243,15835.860267342649,1393.1349436551934
Foot Locker,Europe,55+,Male,Medium,205,120.6751848399222,3.4336741115396663,24738.41289218405,849.4364790847148
JD Sports,Asia Pacific,25-34,Female,Medium,475,173.24553465657075,6.240454193108805,82291.6289618711,5135.371410128625
Foot Locker,UK,Under 18,Female,Medium,320,118.88977957598209,11.611198339358575,38044.72946431427,4417.448995773921
JD Sports,Asia Pacific,55+,Male,Low,271,103.66973979881627,7.503610311391811,28094.49948547921,2108.1017603263376
Foot Locker,North America,45-54,Male,Medium,428,124.13186708754499,6.894562224177342,53128.439113469256,3662.973293412311
JD Sports,Asia Pacific,45-54,Male,Medium,415,174.23738786558275,7.119296446433646,72308.51596421684,5147.857607509395
Foot Locker,UK,18-24,Female,Low,436,100.28120710563091,4.879944516046473,43722.60629805508,2133.6389283145286
JD Sports,Europe,55+,Male,Low,152,76.06423897036157,6.3183645377831565,11561.76432349496,730.5144169577702
Foot Locker,UK,35-44,Male,Low,351,156.8021030496171,6.32831930388459,55037.5381704156,3482.9511524212603
JD Sports,UK,55+,Female,High,325,173.89673190621227,3.4711951816872517,56516.43786951899,1961.7958681880125
Foot Locker,UK,Under 18,Male,Low,110,65.09562177853,9.908108656661264,7160.518395638301,709.4719430200607
JD Sports,Europe,Under 18,Male,Low,253,85.9811169133917,6.7485398871349105,21753.222579088102,1468.0249024869981
JD Sports,UK,55+,Male,Medium,499,71.29579846414909,10.39961898134781,35576.60343361039,3699.831203600583
JD Sports,UK,25-34,Female,Low,21,102.19121173732499,10.653132010079059,2146.0154464838247,228.61785847060935
Foot Locker,UK,45-54,Female,High,248,117.5526468358119,4.907946492287922,29153.05641528135,1430.81640972852
JD Sports,North America,Under 18,Female,Low,58,162.32395054449597,8.916181339531157,9414.789131580766,839.4396717062117
Foot Locker,UK,45-54,Female,High,51,147.67213773225112,7.250536237466836,7531.279024344807,546.058114804859
JD Sports,Europe,Under 18,Female,Low,175,143.1392851217647,10.921410641293365,25049.374896308822,2735.7450955029403
Foot Locker,UK,18-24,Female,Low,91,102.85624199144816,4.941666112588087,9359.918021221782,462.5358970207422
JD Sports,UK,35-44,Female,Low,438,176.217132962714,9.100318802790397,77183.10423766874,7023.90854751788
Foot Locker,Europe,Under 18,Male,Low,300,120.69307510972469,8.469769100274503,36207.92253291741,3066.727434544368
Foot Locker,UK,45-54,Male,High,167,196.86574070227317,5.657713298146495,32876.57869727962,1860.0625649315868
JD Sports,Europe,18-24,Female,High,225,145.12132074436053,4.229408132860554,32652.29716748112,1380.998911967243
Foot Locker,UK,Under 18,Male,Medium,499,68.93971123467541,8.86475784429549,34400.91590610303,3049.557891295763
Foot Locker,Europe,25-34,Male,High,167,151.4266343113151,9.647377123190976,25288.247929989622,2439.6526456536344
JD Sports,UK,35-44,Female,Low,471,98.76560231475484,5.84064609387015,46518.59869024953,2716.98671732519
Foot Locker,UK,Under 18,Male,Medium,143,152.94907950291463,8.803493436200824,21871.71836891679,1925.4752909919196
Foot Locker,North America,18-24,Male,Medium,76,60.446172224360865,6.556178168503529,4593.909089051425,301.1848647772889
Foot Locker,North America,25-34,Male,Medium,345,76.23221557639391,9.41886194954356,26300.1143738559,2477.17146544555
JD Sports,UK,55+,Male,Low,16,178.36058883586796,4.792937474046478,2853.7694213738873,136.77938401990838
Foot Locker,UK,18-24,Male,High,445,84.07693355352723,11.01193502372557,37414.23543131962,4120.031295320627
JD Sports,Asia Pacific,18-24,Female,Low,23,175.55616878644102,5.586686368190217,4037.7918820881437,225.57876865250952
